[{"name":"Composição 1_00001","x":0,"y":0,"width":563,"height":563},{"name":"Composição 1_00002","x":0,"y":564,"width":563,"height":563},{"name":"Composição 1_00003","x":564,"y":0,"width":563,"height":563},{"name":"Composição 1_00004","x":564,"y":564,"width":563,"height":563},{"name":"Composição 1_00005","x":0,"y":1128,"width":563,"height":563},{"name":"Composição 1_00006","x":564,"y":1128,"width":563,"height":563},{"name":"Composição 1_00007","x":1128,"y":0,"width":563,"height":563},{"name":"Composição 1_00008","x":1128,"y":564,"width":563,"height":563},{"name":"Composição 1_00009","x":1128,"y":1128,"width":563,"height":563},{"name":"Composição 1_00010","x":0,"y":1692,"width":563,"height":563},{"name":"Composição 1_00011","x":564,"y":1692,"width":563,"height":563},{"name":"Composição 1_00012","x":1128,"y":1692,"width":563,"height":563},{"name":"Composição 1_00013","x":1692,"y":0,"width":563,"height":563},{"name":"Composição 1_00014","x":1692,"y":564,"width":563,"height":563},{"name":"Composição 1_00015","x":1692,"y":1128,"width":563,"height":563},{"name":"Composição 1_00016","x":1692,"y":1692,"width":563,"height":563},{"name":"Composição 1_00017","x":0,"y":2256,"width":563,"height":563},{"name":"Composição 1_00018","x":564,"y":2256,"width":563,"height":563},{"name":"Composição 1_00019","x":1128,"y":2256,"width":563,"height":563},{"name":"Composição 1_00020","x":1692,"y":2256,"width":563,"height":563},{"name":"Composição 1_00021","x":2256,"y":0,"width":563,"height":563},{"name":"Composição 1_00022","x":2256,"y":564,"width":563,"height":563},{"name":"Composição 1_00023","x":2256,"y":1128,"width":563,"height":563},{"name":"Composição 1_00024","x":2256,"y":1692,"width":563,"height":563},{"name":"Composição 1_00025","x":2256,"y":2256,"width":563,"height":563},{"name":"Composição 1_00026","x":0,"y":2820,"width":563,"height":563},{"name":"Composição 1_00027","x":564,"y":2820,"width":563,"height":563},{"name":"Composição 1_00028","x":1128,"y":2820,"width":563,"height":563},{"name":"Composição 1_00029","x":1692,"y":2820,"width":563,"height":563},{"name":"Composição 1_00030","x":2256,"y":2820,"width":563,"height":563},{"name":"Composição 1_00031","x":2820,"y":0,"width":563,"height":563},{"name":"Composição 1_00032","x":2820,"y":564,"width":563,"height":563},{"name":"Composição 1_00033","x":2820,"y":1128,"width":563,"height":563},{"name":"Composição 1_00034","x":2820,"y":1692,"width":563,"height":563},{"name":"Composição 1_00035","x":2820,"y":2256,"width":563,"height":563},{"name":"Composição 1_00036","x":2820,"y":2820,"width":563,"height":563},{"name":"Composição 1_00037","x":0,"y":3384,"width":563,"height":563},{"name":"Composição 1_00038","x":564,"y":3384,"width":563,"height":563},{"name":"Composição 1_00039","x":1128,"y":3384,"width":563,"height":563},{"name":"Composição 1_00000","x":1692,"y":3384,"width":563,"height":563}]