<?xml version="1.0" encoding="UTF-8"?><font><info face="weizhenfont" size="72" bold="0" italic="0" charset="" unicode="1" stretchH="100" smooth="1" aa="1" padding="1,1,1,1" spacing="1,1"/><common lineHeight="72" base="51" scaleW="482" scaleH="488" pages="1" packed="0"/><pages><page id="0" file="weizhenfont.png"/></pages><chars count="91"><char id="32" x="0" y="0" width="0" height="0" xoffset="0" yoffset="0" xadvance="15" page="0" chnl="15"/><!--   --><char id="33" x="449" y="362" width="22" height="60" xoffset="0" yoffset="-3" xadvance="21" page="0" chnl="15"/><!-- ! --><char id="34" x="231" y="456" width="40" height="29" xoffset="-2" yoffset="-8" xadvance="35" page="0" chnl="15"/><!-- " --><char id="35" x="279" y="0" width="46" height="44" xoffset="-1" yoffset="4" xadvance="44" page="0" chnl="15"/><!-- # --><char id="36" x="411" y="381" width="33" height="65" xoffset="0" yoffset="-6" xadvance="32" page="0" chnl="15"/><!-- $ --><char id="37" x="0" y="281" width="55" height="48" xoffset="-1" yoffset="3" xadvance="53" page="0" chnl="15"/><!-- % --><char id="38" x="70" y="391" width="51" height="54" xoffset="-2" yoffset="0" xadvance="46" page="0" chnl="15"/><!-- & --><char id="39" x="30" y="456" width="23" height="27" xoffset="-2" yoffset="-8" xadvance="17" page="0" chnl="15"/><!-- ' --><char id="40" x="411" y="247" width="35" height="66" xoffset="-2" yoffset="-6" xadvance="29" page="0" chnl="15"/><!-- ( --><char id="41" x="411" y="314" width="34" height="66" xoffset="-4" yoffset="-6" xadvance="28" page="0" chnl="15"/><!-- ) --><char id="42" x="129" y="446" width="41" height="41" xoffset="-1" yoffset="-3" xadvance="40" page="0" chnl="15"/><!-- * --><char id="43" x="181" y="446" width="35" height="35" xoffset="-1" yoffset="11" xadvance="33" page="0" chnl="15"/><!-- + --><char id="44" x="369" y="455" width="21" height="26" xoffset="-2" yoffset="34" xadvance="17" page="0" chnl="15"/><!-- , --><char id="45" x="92" y="464" width="29" height="17" xoffset="0" yoffset="18" xadvance="28" page="0" chnl="15"/><!-- - --><char id="46" x="326" y="465" width="21" height="20" xoffset="-2" yoffset="34" xadvance="16" page="0" chnl="15"/><!-- . --><char id="47" x="369" y="227" width="39" height="61" xoffset="-1" yoffset="-4" xadvance="37" page="0" chnl="15"/><!-- / --><char id="48" x="181" y="0" width="49" height="56" xoffset="-1" yoffset="-2" xadvance="46" page="0" chnl="15"/><!-- 0 --><char id="49" x="449" y="0" width="33" height="55" xoffset="-3" yoffset="-2" xadvance="28" page="0" chnl="15"/><!-- 1 --><char id="50" x="326" y="407" width="41" height="57" xoffset="-2" yoffset="-4" xadvance="37" page="0" chnl="15"/><!-- 2 --><char id="51" x="326" y="0" width="42" height="60" xoffset="-2" yoffset="-5" xadvance="39" page="0" chnl="15"/><!-- 3 --><char id="52" x="279" y="332" width="43" height="57" xoffset="-2" yoffset="-3" xadvance="39" page="0" chnl="15"/><!-- 4 --><char id="53" x="326" y="61" width="42" height="57" xoffset="-1" yoffset="-3" xadvance="39" page="0" chnl="15"/><!-- 5 --><char id="54" x="279" y="45" width="45" height="58" xoffset="-1" yoffset="-3" xadvance="42" page="0" chnl="15"/><!-- 6 --><char id="55" x="369" y="57" width="41" height="55" xoffset="-2" yoffset="-2" xadvance="37" page="0" chnl="15"/><!-- 7 --><char id="56" x="279" y="104" width="44" height="57" xoffset="-1" yoffset="-3" xadvance="42" page="0" chnl="15"/><!-- 8 --><char id="57" x="279" y="390" width="43" height="56" xoffset="-1" yoffset="-2" xadvance="40" page="0" chnl="15"/><!-- 9 --><char id="58" x="70" y="446" width="21" height="42" xoffset="-1" yoffset="12" xadvance="18" page="0" chnl="15"/><!-- : --><char id="59" x="449" y="423" width="21" height="48" xoffset="-1" yoffset="12" xadvance="18" page="0" chnl="15"/><!-- ; --><char id="61" x="0" y="456" width="29" height="32" xoffset="0" yoffset="13" xadvance="29" page="0" chnl="15"/><!-- = --><char id="63" x="279" y="272" width="43" height="59" xoffset="-1" yoffset="-2" xadvance="40" page="0" chnl="15"/><!-- ? --><char id="64" x="181" y="113" width="49" height="47" xoffset="0" yoffset="3" xadvance="48" page="0" chnl="15"/><!-- @ --><char id="65" x="70" y="167" width="52" height="54" xoffset="-3" yoffset="-1" xadvance="46" page="0" chnl="15"/><!-- A --><char id="66" x="231" y="58" width="47" height="57" xoffset="-1" yoffset="-2" xadvance="43" page="0" chnl="15"/><!-- B --><char id="67" x="326" y="350" width="42" height="56" xoffset="-2" yoffset="-2" xadvance="38" page="0" chnl="15"/><!-- C --><char id="68" x="231" y="346" width="46" height="55" xoffset="-1" yoffset="-1" xadvance="42" page="0" chnl="15"/><!-- D --><char id="69" x="369" y="113" width="40" height="56" xoffset="-1" yoffset="-2" xadvance="35" page="0" chnl="15"/><!-- E --><char id="70" x="369" y="170" width="40" height="56" xoffset="-1" yoffset="-2" xadvance="36" page="0" chnl="15"/><!-- F --><char id="71" x="129" y="218" width="50" height="58" xoffset="-2" yoffset="-3" xadvance="46" page="0" chnl="15"/><!-- G --><char id="72" x="181" y="161" width="48" height="57" xoffset="-1" yoffset="-2" xadvance="46" page="0" chnl="15"/><!-- H --><char id="73" x="449" y="242" width="24" height="53" xoffset="0" yoffset="0" xadvance="22" page="0" chnl="15"/><!-- I --><char id="74" x="326" y="177" width="42" height="57" xoffset="-3" yoffset="-2" xadvance="37" page="0" chnl="15"/><!-- J --><char id="75" x="129" y="158" width="50" height="59" xoffset="-1" yoffset="-3" xadvance="45" page="0" chnl="15"/><!-- K --><char id="76" x="411" y="192" width="37" height="54" xoffset="-1" yoffset="-2" xadvance="33" page="0" chnl="15"/><!-- L --><char id="77" x="0" y="223" width="60" height="57" xoffset="-1" yoffset="-2" xadvance="57" page="0" chnl="15"/><!-- M --><char id="78" x="74" y="0" width="54" height="55" xoffset="-1" yoffset="-2" xadvance="51" page="0" chnl="15"/><!-- N --><char id="79" x="129" y="106" width="51" height="51" xoffset="-2" yoffset="2" xadvance="46" page="0" chnl="15"/><!-- O --><char id="80" x="231" y="116" width="47" height="57" xoffset="-1" yoffset="-3" xadvance="43" page="0" chnl="15"/><!-- P --><char id="81" x="0" y="393" width="54" height="62" xoffset="-2" yoffset="-1" xadvance="50" page="0" chnl="15"/><!-- Q --><char id="82" x="231" y="174" width="47" height="57" xoffset="-1" yoffset="-3" xadvance="44" page="0" chnl="15"/><!-- R --><char id="83" x="326" y="235" width="42" height="57" xoffset="-1" yoffset="-3" xadvance="39" page="0" chnl="15"/><!-- S --><char id="84" x="279" y="217" width="44" height="54" xoffset="-2" yoffset="-1" xadvance="40" page="0" chnl="15"/><!-- T --><char id="85" x="181" y="219" width="48" height="56" xoffset="-1" yoffset="0" xadvance="45" page="0" chnl="15"/><!-- U --><char id="86" x="70" y="222" width="51" height="56" xoffset="-3" yoffset="-1" xadvance="45" page="0" chnl="15"/><!-- V --><char id="87" x="0" y="56" width="70" height="55" xoffset="-2" yoffset="-1" xadvance="66" page="0" chnl="15"/><!-- W --><char id="88" x="70" y="279" width="51" height="56" xoffset="-4" yoffset="-2" xadvance="43" page="0" chnl="15"/><!-- X --><char id="89" x="71" y="56" width="52" height="55" xoffset="-2" yoffset="0" xadvance="44" page="0" chnl="15"/><!-- Y --><char id="90" x="369" y="289" width="39" height="55" xoffset="-2" yoffset="-2" xadvance="36" page="0" chnl="15"/><!-- Z --><char id="91" x="449" y="122" width="30" height="65" xoffset="0" yoffset="-6" xadvance="27" page="0" chnl="15"/><!-- [ --><char id="93" x="449" y="56" width="31" height="65" xoffset="-3" yoffset="-6" xadvance="27" page="0" chnl="15"/><!-- ] --><char id="94" x="279" y="447" width="40" height="33" xoffset="-2" yoffset="-2" xadvance="35" page="0" chnl="15"/><!-- ^ --><char id="95" x="92" y="446" width="29" height="17" xoffset="-3" yoffset="52" xadvance="22" page="0" chnl="15"/><!-- _ --><char id="97" x="71" y="112" width="52" height="54" xoffset="-3" yoffset="-1" xadvance="46" page="0" chnl="15"/><!-- a --><char id="98" x="181" y="388" width="47" height="57" xoffset="-1" yoffset="-2" xadvance="43" page="0" chnl="15"/><!-- b --><char id="99" x="369" y="0" width="41" height="56" xoffset="-2" yoffset="-1" xadvance="37" page="0" chnl="15"/><!-- c --><char id="100" x="231" y="402" width="46" height="53" xoffset="-1" yoffset="0" xadvance="43" page="0" chnl="15"/><!-- d --><char id="101" x="231" y="288" width="46" height="57" xoffset="-2" yoffset="-2" xadvance="42" page="0" chnl="15"/><!-- e --><char id="102" x="369" y="345" width="39" height="54" xoffset="-1" yoffset="-1" xadvance="36" page="0" chnl="15"/><!-- f --><char id="103" x="129" y="277" width="50" height="56" xoffset="-2" yoffset="-2" xadvance="46" page="0" chnl="15"/><!-- g --><char id="104" x="181" y="276" width="48" height="55" xoffset="-1" yoffset="-1" xadvance="46" page="0" chnl="15"/><!-- h --><char id="105" x="449" y="188" width="24" height="53" xoffset="-1" yoffset="0" xadvance="22" page="0" chnl="15"/><!-- i --><char id="106" x="326" y="119" width="42" height="57" xoffset="-3" yoffset="-2" xadvance="37" page="0" chnl="15"/><!-- j --><char id="107" x="181" y="57" width="49" height="55" xoffset="-1" yoffset="-1" xadvance="44" page="0" chnl="15"/><!-- k --><char id="108" x="411" y="136" width="37" height="55" xoffset="-1" yoffset="-2" xadvance="33" page="0" chnl="15"/><!-- l --><char id="109" x="0" y="167" width="69" height="55" xoffset="-2" yoffset="-2" xadvance="65" page="0" chnl="15"/><!-- m --><char id="110" x="129" y="334" width="50" height="55" xoffset="-1" yoffset="-2" xadvance="47" page="0" chnl="15"/><!-- n --><char id="111" x="129" y="54" width="51" height="51" xoffset="-2" yoffset="0" xadvance="46" page="0" chnl="15"/><!-- o --><char id="112" x="231" y="232" width="47" height="55" xoffset="-1" yoffset="-1" xadvance="43" page="0" chnl="15"/><!-- p --><char id="113" x="0" y="330" width="54" height="62" xoffset="-2" yoffset="-1" xadvance="50" page="0" chnl="15"/><!-- q --><char id="114" x="231" y="0" width="47" height="57" xoffset="-1" yoffset="-3" xadvance="44" page="0" chnl="15"/><!-- r --><char id="115" x="326" y="293" width="42" height="56" xoffset="-1" yoffset="-2" xadvance="39" page="0" chnl="15"/><!-- s --><char id="116" x="279" y="162" width="44" height="54" xoffset="-2" yoffset="-1" xadvance="40" page="0" chnl="15"/><!-- t --><char id="117" x="181" y="332" width="48" height="55" xoffset="-1" yoffset="0" xadvance="45" page="0" chnl="15"/><!-- u --><char id="118" x="70" y="336" width="51" height="54" xoffset="-3" yoffset="-1" xadvance="45" page="0" chnl="15"/><!-- v --><char id="119" x="0" y="112" width="70" height="54" xoffset="-2" yoffset="-1" xadvance="66" page="0" chnl="15"/><!-- w --><char id="120" x="129" y="390" width="50" height="55" xoffset="-3" yoffset="-1" xadvance="43" page="0" chnl="15"/><!-- x --><char id="121" x="129" y="0" width="51" height="53" xoffset="-3" yoffset="0" xadvance="44" page="0" chnl="15"/><!-- y --><char id="122" x="369" y="400" width="39" height="54" xoffset="-1" yoffset="-1" xadvance="36" page="0" chnl="15"/><!-- z --><char id="123" x="411" y="0" width="37" height="67" xoffset="-3" yoffset="-7" xadvance="30" page="0" chnl="15"/><!-- { --><char id="124" x="449" y="296" width="22" height="65" xoffset="0" yoffset="-6" xadvance="21" page="0" chnl="15"/><!-- | --><char id="125" x="411" y="68" width="37" height="67" xoffset="-4" yoffset="-7" xadvance="29" page="0" chnl="15"/><!-- } --><char id="8470" x="0" y="0" width="73" height="55" xoffset="-3" yoffset="0" xadvance="69" page="0" chnl="15"/><!-- № --></chars><kernings count="1579"><kerning first="48" second="49" amount="-1"/><kerning first="48" second="97" amount="-1"/><kerning first="48" second="118" amount="-2"/><kerning first="48" second="119" amount="-1"/><kerning first="48" second="120" amount="-1"/><kerning first="48" second="121" amount="-2"/><kerning first="48" second="65" amount="-1"/><kerning first="48" second="86" amount="-2"/><kerning first="48" second="87" amount="-1"/><kerning first="48" second="88" amount="-1"/><kerning first="48" second="89" amount="-3"/><kerning first="48" second="41" amount="-3"/><kerning first="48" second="46" amount="-1"/><kerning first="48" second="44" amount="-1"/><kerning first="48" second="47" amount="-3"/><kerning first="48" second="125" amount="-2"/><kerning first="48" second="93" amount="-3"/><kerning first="49" second="49" amount="1"/><kerning first="49" second="118" amount="1"/><kerning first="49" second="121" amount="1"/><kerning first="49" second="86" amount="1"/><kerning first="49" second="47" amount="-2"/><kerning first="49" second="35" amount="-1"/><kerning first="50" second="88" amount="1"/><kerning first="50" second="89" amount="-2"/><kerning first="50" second="47" amount="-1"/><kerning first="51" second="89" amount="-1"/><kerning first="51" second="41" amount="-2"/><kerning first="51" second="47" amount="-2"/><kerning first="51" second="125" amount="-1"/><kerning first="51" second="93" amount="-1"/><kerning first="52" second="97" amount="-1"/><kerning first="52" second="65" amount="-1"/><kerning first="52" second="89" amount="-1"/><kerning first="52" second="47" amount="-2"/><kerning first="53" second="52" amount="1"/><kerning first="53" second="55" amount="-1"/><kerning first="53" second="116" amount="-1"/><kerning first="53" second="118" amount="-1"/><kerning first="53" second="119" amount="-1"/><kerning first="53" second="121" amount="-1"/><kerning first="53" second="84" amount="-1"/><kerning first="53" second="86" amount="-1"/><kerning first="53" second="87" amount="-1"/><kerning first="53" second="89" amount="-2"/><kerning first="53" second="41" amount="-2"/><kerning first="53" second="47" amount="-2"/><kerning first="53" second="125" amount="-1"/><kerning first="54" second="49" amount="-1"/><kerning first="54" second="52" amount="1"/><kerning first="54" second="55" amount="-1"/><kerning first="54" second="57" amount="-1"/><kerning first="54" second="116" amount="-2"/><kerning first="54" second="118" amount="-1"/><kerning first="54" second="119" amount="-1"/><kerning first="54" second="121" amount="-1"/><kerning first="54" second="84" amount="-2"/><kerning first="54" second="86" amount="-1"/><kerning first="54" second="87" amount="-1"/><kerning first="54" second="89" amount="-2"/><kerning first="54" second="41" amount="-2"/><kerning first="54" second="47" amount="-2"/><kerning first="54" second="125" amount="-1"/><kerning first="54" second="93" amount="-1"/><kerning first="55" second="48" amount="-1"/><kerning first="55" second="49" amount="2"/><kerning first="55" second="52" amount="-1"/><kerning first="55" second="53" amount="-1"/><kerning first="55" second="54" amount="-1"/><kerning first="55" second="97" amount="-4"/><kerning first="55" second="99" amount="-1"/><kerning first="55" second="101" amount="-1"/><kerning first="55" second="103" amount="-1"/><kerning first="55" second="106" amount="-4"/><kerning first="55" second="109" amount="-1"/><kerning first="55" second="111" amount="-1"/><kerning first="55" second="113" amount="-1"/><kerning first="55" second="118" amount="2"/><kerning first="55" second="120" amount="1"/><kerning first="55" second="121" amount="2"/><kerning first="55" second="65" amount="-4"/><kerning first="55" second="67" amount="-1"/><kerning first="55" second="71" amount="-1"/><kerning first="55" second="74" amount="-4"/><kerning first="55" second="79" amount="-1"/><kerning first="55" second="81" amount="-1"/><kerning first="55" second="86" amount="2"/><kerning first="55" second="88" amount="1"/><kerning first="55" second="43" amount="-2"/><kerning first="55" second="45" amount="-1"/><kerning first="55" second="61" amount="-1"/><kerning first="55" second="46" amount="-3"/><kerning first="55" second="44" amount="-3"/><kerning first="55" second="47" amount="-6"/><kerning first="55" second="35" amount="-2"/><kerning first="56" second="118" amount="-1"/><kerning first="56" second="119" amount="-1"/><kerning first="56" second="121" amount="-1"/><kerning first="56" second="86" amount="-1"/><kerning first="56" second="87" amount="-1"/><kerning first="56" second="89" amount="-2"/><kerning first="56" second="41" amount="-2"/><kerning first="56" second="47" amount="-2"/><kerning first="56" second="125" amount="-1"/><kerning first="56" second="93" amount="-1"/><kerning first="57" second="97" amount="-2"/><kerning first="57" second="106" amount="-1"/><kerning first="57" second="120" amount="-1"/><kerning first="57" second="121" amount="-1"/><kerning first="57" second="65" amount="-2"/><kerning first="57" second="74" amount="-1"/><kerning first="57" second="86" amount="-1"/><kerning first="57" second="88" amount="-1"/><kerning first="57" second="89" amount="-2"/><kerning first="57" second="41" amount="-3"/><kerning first="57" second="46" amount="-1"/><kerning first="57" second="44" amount="-1"/><kerning first="57" second="47" amount="-3"/><kerning first="57" second="35" amount="-1"/><kerning first="57" second="125" amount="-2"/><kerning first="57" second="93" amount="-2"/><kerning first="97" second="48" amount="-1"/><kerning first="97" second="49" amount="-3"/><kerning first="97" second="50" amount="2"/><kerning first="97" second="51" amount="2"/><kerning first="97" second="53" amount="2"/><kerning first="97" second="54" amount="-1"/><kerning first="97" second="55" amount="-1"/><kerning first="97" second="99" amount="-1"/><kerning first="97" second="101" amount="-1"/><kerning first="97" second="103" amount="-1"/><kerning first="97" second="111" amount="-2"/><kerning first="97" second="113" amount="-1"/><kerning first="97" second="116" amount="-4"/><kerning first="97" second="117" amount="-1"/><kerning first="97" second="118" amount="-4"/><kerning first="97" second="119" amount="-2"/><kerning first="97" second="121" amount="-4"/><kerning first="97" second="67" amount="-1"/><kerning first="97" second="71" amount="-1"/><kerning first="97" second="79" amount="-1"/><kerning first="97" second="81" amount="-1"/><kerning first="97" second="84" amount="-4"/><kerning first="97" second="85" amount="-1"/><kerning first="97" second="86" amount="-4"/><kerning first="97" second="87" amount="-3"/><kerning first="97" second="89" amount="-4"/><kerning first="97" second="63" amount="-3"/><kerning first="97" second="42" amount="-4"/><kerning first="97" second="41" amount="2"/><kerning first="97" second="45" amount="-1"/><kerning first="97" second="46" amount="1"/><kerning first="97" second="44" amount="1"/><kerning first="97" second="47" amount="1"/><kerning first="97" second="34" amount="-3"/><kerning first="97" second="39" amount="-3"/><kerning first="97" second="64" amount="-2"/><kerning first="97" second="125" amount="2"/><kerning first="97" second="93" amount="2"/><kerning first="98" second="52" amount="1"/><kerning first="98" second="99" amount="-1"/><kerning first="98" second="101" amount="-1"/><kerning first="98" second="103" amount="-1"/><kerning first="98" second="111" amount="-1"/><kerning first="98" second="113" amount="-1"/><kerning first="98" second="118" amount="-1"/><kerning first="98" second="119" amount="-1"/><kerning first="98" second="120" amount="-1"/><kerning first="98" second="121" amount="-1"/><kerning first="98" second="67" amount="-1"/><kerning first="98" second="71" amount="-1"/><kerning first="98" second="79" amount="-1"/><kerning first="98" second="81" amount="-1"/><kerning first="98" second="86" amount="-1"/><kerning first="98" second="87" amount="-1"/><kerning first="98" second="88" amount="-1"/><kerning first="98" second="89" amount="-2"/><kerning first="98" second="63" amount="-1"/><kerning first="98" second="42" amount="-1"/><kerning first="98" second="41" amount="-2"/><kerning first="98" second="44" amount="1"/><kerning first="98" second="47" amount="-1"/><kerning first="98" second="38" amount="1"/><kerning first="99" second="52" amount="1"/><kerning first="99" second="111" amount="-1"/><kerning first="99" second="89" amount="-1"/><kerning first="99" second="42" amount="-2"/><kerning first="99" second="47" amount="-1"/><kerning first="99" second="64" amount="-1"/><kerning first="100" second="50" amount="-1"/><kerning first="100" second="97" amount="-2"/><kerning first="100" second="106" amount="-1"/><kerning first="100" second="118" amount="-1"/><kerning first="100" second="119" amount="-1"/><kerning first="100" second="120" amount="-3"/><kerning first="100" second="121" amount="-2"/><kerning first="100" second="122" amount="-1"/><kerning first="100" second="65" amount="-2"/><kerning first="100" second="74" amount="-1"/><kerning first="100" second="86" amount="-1"/><kerning first="100" second="87" amount="-1"/><kerning first="100" second="88" amount="-3"/><kerning first="100" second="89" amount="-3"/><kerning first="100" second="90" amount="-1"/><kerning first="100" second="63" amount="-1"/><kerning first="100" second="41" amount="-4"/><kerning first="100" second="46" amount="-2"/><kerning first="100" second="44" amount="-1"/><kerning first="100" second="47" amount="-4"/><kerning first="100" second="38" amount="-1"/><kerning first="100" second="125" amount="-3"/><kerning first="100" second="93" amount="-3"/><kerning first="101" second="50" amount="-1"/><kerning first="101" second="51" amount="-1"/><kerning first="101" second="97" amount="-2"/><kerning first="101" second="106" amount="-2"/><kerning first="101" second="118" amount="-1"/><kerning first="101" second="119" amount="-1"/><kerning first="101" second="120" amount="-2"/><kerning first="101" second="121" amount="-1"/><kerning first="101" second="122" amount="-1"/><kerning first="101" second="65" amount="-2"/><kerning first="101" second="74" amount="-2"/><kerning first="101" second="86" amount="-1"/><kerning first="101" second="87" amount="-1"/><kerning first="101" second="88" amount="-2"/><kerning first="101" second="89" amount="-2"/><kerning first="101" second="90" amount="-1"/><kerning first="101" second="63" amount="-1"/><kerning first="101" second="41" amount="-3"/><kerning first="101" second="46" amount="-2"/><kerning first="101" second="44" amount="-2"/><kerning first="101" second="47" amount="-3"/><kerning first="101" second="38" amount="-2"/><kerning first="101" second="125" amount="-2"/><kerning first="101" second="93" amount="-2"/><kerning first="102" second="49" amount="2"/><kerning first="102" second="55" amount="1"/><kerning first="102" second="97" amount="-4"/><kerning first="102" second="99" amount="-1"/><kerning first="102" second="101" amount="-1"/><kerning first="102" second="103" amount="-1"/><kerning first="102" second="106" amount="-7"/><kerning first="102" second="109" amount="-1"/><kerning first="102" second="111" amount="-1"/><kerning first="102" second="113" amount="-1"/><kerning first="102" second="65" amount="-4"/><kerning first="102" second="67" amount="-1"/><kerning first="102" second="71" amount="-1"/><kerning first="102" second="74" amount="-7"/><kerning first="102" second="79" amount="-1"/><kerning first="102" second="81" amount="-1"/><kerning first="102" second="59" amount="-1"/><kerning first="102" second="58" amount="-1"/><kerning first="102" second="41" amount="1"/><kerning first="102" second="45" amount="-1"/><kerning first="102" second="46" amount="-5"/><kerning first="102" second="44" amount="-5"/><kerning first="102" second="47" amount="-5"/><kerning first="102" second="64" amount="-2"/><kerning first="102" second="38" amount="-2"/><kerning first="103" second="49" amount="-1"/><kerning first="103" second="55" amount="-2"/><kerning first="103" second="116" amount="-1"/><kerning first="103" second="118" amount="-1"/><kerning first="103" second="119" amount="-1"/><kerning first="103" second="121" amount="-2"/><kerning first="103" second="84" amount="-2"/><kerning first="103" second="86" amount="-1"/><kerning first="103" second="87" amount="-1"/><kerning first="103" second="89" amount="-3"/><kerning first="103" second="63" amount="-2"/><kerning first="103" second="42" amount="-2"/><kerning first="103" second="41" amount="-2"/><kerning first="103" second="47" amount="-2"/><kerning first="103" second="34" amount="-1"/><kerning first="103" second="39" amount="-1"/><kerning first="103" second="125" amount="-1"/><kerning first="103" second="93" amount="-1"/><kerning first="104" second="89" amount="-1"/><kerning first="104" second="63" amount="-1"/><kerning first="104" second="42" amount="-1"/><kerning first="104" second="41" amount="1"/><kerning first="104" second="47" amount="-1"/><kerning first="104" second="64" amount="-1"/><kerning first="104" second="125" amount="1"/><kerning first="105" second="49" amount="1"/><kerning first="105" second="97" amount="-1"/><kerning first="105" second="65" amount="-1"/><kerning first="105" second="42" amount="-1"/><kerning first="105" second="47" amount="-2"/><kerning first="105" second="64" amount="-1"/><kerning first="106" second="49" amount="1"/><kerning first="106" second="97" amount="-1"/><kerning first="106" second="106" amount="-1"/><kerning first="106" second="65" amount="-1"/><kerning first="106" second="74" amount="-1"/><kerning first="106" second="89" amount="-1"/><kerning first="106" second="41" amount="-1"/><kerning first="106" second="46" amount="-1"/><kerning first="106" second="44" amount="-1"/><kerning first="106" second="47" amount="-3"/><kerning first="106" second="125" amount="-1"/><kerning first="107" second="48" amount="-2"/><kerning first="107" second="49" amount="2"/><kerning first="107" second="50" amount="1"/><kerning first="107" second="51" amount="1"/><kerning first="107" second="52" amount="-1"/><kerning first="107" second="53" amount="1"/><kerning first="107" second="54" amount="-1"/><kerning first="107" second="55" amount="2"/><kerning first="107" second="99" amount="-3"/><kerning first="107" second="101" amount="-3"/><kerning first="107" second="103" amount="-3"/><kerning first="107" second="111" amount="-3"/><kerning first="107" second="113" amount="-3"/><kerning first="107" second="115" amount="-1"/><kerning first="107" second="67" amount="-3"/><kerning first="107" second="71" amount="-3"/><kerning first="107" second="79" amount="-3"/><kerning first="107" second="81" amount="-3"/><kerning first="107" second="83" amount="-1"/><kerning first="107" second="33" amount="1"/><kerning first="107" second="63" amount="1"/><kerning first="107" second="42" amount="-2"/><kerning first="107" second="41" amount="1"/><kerning first="107" second="45" amount="-3"/><kerning first="107" second="124" amount="1"/><kerning first="107" second="34" amount="1"/><kerning first="107" second="39" amount="1"/><kerning first="107" second="64" amount="-3"/><kerning first="107" second="125" amount="2"/><kerning first="107" second="93" amount="2"/><kerning first="108" second="49" amount="-3"/><kerning first="108" second="52" amount="1"/><kerning first="108" second="55" amount="-2"/><kerning first="108" second="57" amount="-1"/><kerning first="108" second="116" amount="-6"/><kerning first="108" second="118" amount="-5"/><kerning first="108" second="119" amount="-2"/><kerning first="108" second="121" amount="-6"/><kerning first="108" second="84" amount="-5"/><kerning first="108" second="86" amount="-5"/><kerning first="108" second="87" amount="-2"/><kerning first="108" second="89" amount="-6"/><kerning first="108" second="63" amount="-4"/><kerning first="108" second="42" amount="-4"/><kerning first="108" second="34" amount="-4"/><kerning first="108" second="39" amount="-4"/><kerning first="109" second="118" amount="-1"/><kerning first="109" second="119" amount="-1"/><kerning first="109" second="121" amount="-1"/><kerning first="109" second="86" amount="-1"/><kerning first="109" second="87" amount="-1"/><kerning first="109" second="89" amount="-2"/><kerning first="109" second="63" amount="-1"/><kerning first="109" second="42" amount="-1"/><kerning first="109" second="41" amount="-2"/><kerning first="109" second="47" amount="-2"/><kerning first="110" second="118" amount="-1"/><kerning first="110" second="119" amount="-1"/><kerning first="110" second="121" amount="-1"/><kerning first="110" second="86" amount="-1"/><kerning first="110" second="87" amount="-1"/><kerning first="110" second="89" amount="-2"/><kerning first="110" second="63" amount="-2"/><kerning first="110" second="42" amount="-1"/><kerning first="110" second="47" amount="-1"/><kerning first="111" second="50" amount="-1"/><kerning first="111" second="51" amount="-1"/><kerning first="111" second="97" amount="-2"/><kerning first="111" second="106" amount="-1"/><kerning first="111" second="109" amount="-1"/><kerning first="111" second="118" amount="-1"/><kerning first="111" second="119" amount="-1"/><kerning first="111" second="120" amount="-2"/><kerning first="111" second="121" amount="-2"/><kerning first="111" second="122" amount="-1"/><kerning first="111" second="65" amount="-2"/><kerning first="111" second="74" amount="-1"/><kerning first="111" second="86" amount="-1"/><kerning first="111" second="87" amount="-1"/><kerning first="111" second="88" amount="-2"/><kerning first="111" second="89" amount="-3"/><kerning first="111" second="90" amount="-1"/><kerning first="111" second="63" amount="-2"/><kerning first="111" second="42" amount="-1"/><kerning first="111" second="41" amount="-4"/><kerning first="111" second="46" amount="-2"/><kerning first="111" second="44" amount="-1"/><kerning first="111" second="47" amount="-4"/><kerning first="111" second="38" amount="-1"/><kerning first="111" second="125" amount="-3"/><kerning first="111" second="93" amount="-3"/><kerning first="112" second="50" amount="-1"/><kerning first="112" second="51" amount="-1"/><kerning first="112" second="97" amount="-3"/><kerning first="112" second="106" amount="-5"/><kerning first="112" second="109" amount="-1"/><kerning first="112" second="120" amount="-2"/><kerning first="112" second="121" amount="-1"/><kerning first="112" second="65" amount="-3"/><kerning first="112" second="74" amount="-5"/><kerning first="112" second="88" amount="-3"/><kerning first="112" second="89" amount="-1"/><kerning first="112" second="90" amount="-1"/><kerning first="112" second="41" amount="-3"/><kerning first="112" second="46" amount="-6"/><kerning first="112" second="44" amount="-5"/><kerning first="112" second="47" amount="-5"/><kerning first="112" second="38" amount="-2"/><kerning first="112" second="125" amount="-2"/><kerning first="112" second="93" amount="-2"/><kerning first="113" second="49" amount="-1"/><kerning first="113" second="50" amount="-1"/><kerning first="113" second="97" amount="-1"/><kerning first="113" second="106" amount="-1"/><kerning first="113" second="118" amount="-1"/><kerning first="113" second="119" amount="-1"/><kerning first="113" second="120" amount="-2"/><kerning first="113" second="121" amount="-2"/><kerning first="113" second="122" amount="-1"/><kerning first="113" second="65" amount="-1"/><kerning first="113" second="74" amount="-1"/><kerning first="113" second="86" amount="-2"/><kerning first="113" second="87" amount="-1"/><kerning first="113" second="88" amount="-2"/><kerning first="113" second="89" amount="-3"/><kerning first="113" second="90" amount="-1"/><kerning first="113" second="63" amount="-2"/><kerning first="113" second="42" amount="-1"/><kerning first="113" second="41" amount="-1"/><kerning first="113" second="46" amount="-1"/><kerning first="113" second="44" amount="-1"/><kerning first="113" second="47" amount="-3"/><kerning first="113" second="34" amount="-1"/><kerning first="113" second="39" amount="-1"/><kerning first="113" second="38" amount="-1"/><kerning first="113" second="125" amount="-1"/><kerning first="113" second="93" amount="-2"/><kerning first="114" second="120" amount="-1"/><kerning first="114" second="121" amount="-1"/><kerning first="114" second="86" amount="-1"/><kerning first="114" second="88" amount="-1"/><kerning first="114" second="89" amount="-2"/><kerning first="114" second="47" amount="-1"/><kerning first="114" second="64" amount="-1"/><kerning first="114" second="38" amount="-1"/><kerning first="115" second="52" amount="1"/><kerning first="115" second="57" amount="-1"/><kerning first="115" second="116" amount="-1"/><kerning first="115" second="118" amount="-1"/><kerning first="115" second="119" amount="-1"/><kerning first="115" second="120" amount="-1"/><kerning first="115" second="121" amount="-1"/><kerning first="115" second="84" amount="-1"/><kerning first="115" second="86" amount="-1"/><kerning first="115" second="87" amount="-1"/><kerning first="115" second="88" amount="-1"/><kerning first="115" second="89" amount="-2"/><kerning first="115" second="63" amount="-2"/><kerning first="115" second="42" amount="-2"/><kerning first="115" second="41" amount="-2"/><kerning first="115" second="47" amount="-2"/><kerning first="115" second="125" amount="-2"/><kerning first="115" second="93" amount="-1"/><kerning first="116" second="49" amount="2"/><kerning first="116" second="55" amount="1"/><kerning first="116" second="97" amount="-5"/><kerning first="116" second="99" amount="-1"/><kerning first="116" second="101" amount="-1"/><kerning first="116" second="103" amount="-1"/><kerning first="116" second="106" amount="-7"/><kerning first="116" second="109" amount="-1"/><kerning first="116" second="111" amount="-1"/><kerning first="116" second="113" amount="-1"/><kerning first="116" second="116" amount="1"/><kerning first="116" second="65" amount="-5"/><kerning first="116" second="67" amount="-1"/><kerning first="116" second="71" amount="-1"/><kerning first="116" second="74" amount="-7"/><kerning first="116" second="79" amount="-1"/><kerning first="116" second="81" amount="-1"/><kerning first="116" second="84" amount="1"/><kerning first="116" second="41" amount="1"/><kerning first="116" second="45" amount="-4"/><kerning first="116" second="46" amount="-4"/><kerning first="116" second="44" amount="-4"/><kerning first="116" second="47" amount="-6"/><kerning first="116" second="64" amount="-2"/><kerning first="116" second="38" amount="-2"/><kerning first="117" second="49" amount="1"/><kerning first="117" second="55" amount="1"/><kerning first="117" second="97" amount="-1"/><kerning first="117" second="99" amount="-1"/><kerning first="117" second="101" amount="-1"/><kerning first="117" second="103" amount="-1"/><kerning first="117" second="106" amount="-1"/><kerning first="117" second="111" amount="-1"/><kerning first="117" second="65" amount="-1"/><kerning first="117" second="67" amount="-1"/><kerning first="117" second="74" amount="-1"/><kerning first="117" second="79" amount="-1"/><kerning first="117" second="42" amount="-1"/><kerning first="117" second="41" amount="1"/><kerning first="117" second="46" amount="-1"/><kerning first="117" second="44" amount="-1"/><kerning first="117" second="47" amount="-3"/><kerning first="117" second="64" amount="-1"/><kerning first="117" second="38" amount="-1"/><kerning first="118" second="48" amount="-2"/><kerning first="118" second="49" amount="1"/><kerning first="118" second="51" amount="1"/><kerning first="118" second="52" amount="-1"/><kerning first="118" second="53" amount="-1"/><kerning first="118" second="54" amount="-2"/><kerning first="118" second="55" amount="2"/><kerning first="118" second="56" amount="-1"/><kerning first="118" second="97" amount="-4"/><kerning first="118" second="99" amount="-2"/><kerning first="118" second="100" amount="-1"/><kerning first="118" second="101" amount="-2"/><kerning first="118" second="103" amount="-2"/><kerning first="118" second="106" amount="-6"/><kerning first="118" second="109" amount="-1"/><kerning first="118" second="110" amount="-1"/><kerning first="118" second="111" amount="-2"/><kerning first="118" second="113" amount="-2"/><kerning first="118" second="115" amount="-1"/><kerning first="118" second="117" amount="-1"/><kerning first="118" second="65" amount="-4"/><kerning first="118" second="67" amount="-2"/><kerning first="118" second="71" amount="-2"/><kerning first="118" second="74" amount="-6"/><kerning first="118" second="79" amount="-2"/><kerning first="118" second="81" amount="-2"/><kerning first="118" second="83" amount="-1"/><kerning first="118" second="59" amount="-1"/><kerning first="118" second="58" amount="-1"/><kerning first="118" second="42" amount="-2"/><kerning first="118" second="41" amount="2"/><kerning first="118" second="45" amount="-1"/><kerning first="118" second="46" amount="-3"/><kerning first="118" second="44" amount="-3"/><kerning first="118" second="47" amount="-5"/><kerning first="118" second="34" amount="1"/><kerning first="118" second="39" amount="1"/><kerning first="118" second="64" amount="-3"/><kerning first="118" second="38" amount="-3"/><kerning first="118" second="93" amount="1"/><kerning first="119" second="48" amount="-1"/><kerning first="119" second="49" amount="1"/><kerning first="119" second="52" amount="-1"/><kerning first="119" second="53" amount="-1"/><kerning first="119" second="54" amount="-1"/><kerning first="119" second="55" amount="1"/><kerning first="119" second="56" amount="-1"/><kerning first="119" second="97" amount="-3"/><kerning first="119" second="99" amount="-1"/><kerning first="119" second="100" amount="-1"/><kerning first="119" second="101" amount="-1"/><kerning first="119" second="103" amount="-1"/><kerning first="119" second="104" amount="-1"/><kerning first="119" second="106" amount="-3"/><kerning first="119" second="109" amount="-1"/><kerning first="119" second="110" amount="-1"/><kerning first="119" second="111" amount="-1"/><kerning first="119" second="113" amount="-1"/><kerning first="119" second="115" amount="-1"/><kerning first="119" second="117" amount="-1"/><kerning first="119" second="65" amount="-3"/><kerning first="119" second="67" amount="-1"/><kerning first="119" second="71" amount="-1"/><kerning first="119" second="72" amount="-1"/><kerning first="119" second="74" amount="-3"/><kerning first="119" second="79" amount="-1"/><kerning first="119" second="81" amount="-1"/><kerning first="119" second="83" amount="-1"/><kerning first="119" second="59" amount="-1"/><kerning first="119" second="58" amount="-1"/><kerning first="119" second="42" amount="-1"/><kerning first="119" second="45" amount="-1"/><kerning first="119" second="46" amount="-2"/><kerning first="119" second="44" amount="-2"/><kerning first="119" second="47" amount="-4"/><kerning first="119" second="64" amount="-2"/><kerning first="119" second="38" amount="-2"/><kerning first="120" second="48" amount="-2"/><kerning first="120" second="49" amount="1"/><kerning first="120" second="50" amount="1"/><kerning first="120" second="51" amount="2"/><kerning first="120" second="52" amount="-1"/><kerning first="120" second="53" amount="1"/><kerning first="120" second="54" amount="-1"/><kerning first="120" second="55" amount="2"/><kerning first="120" second="99" amount="-3"/><kerning first="120" second="101" amount="-2"/><kerning first="120" second="103" amount="-3"/><kerning first="120" second="111" amount="-3"/><kerning first="120" second="113" amount="-3"/><kerning first="120" second="115" amount="-1"/><kerning first="120" second="117" amount="-1"/><kerning first="120" second="67" amount="-3"/><kerning first="120" second="71" amount="-2"/><kerning first="120" second="79" amount="-3"/><kerning first="120" second="81" amount="-3"/><kerning first="120" second="33" amount="1"/><kerning first="120" second="63" amount="1"/><kerning first="120" second="42" amount="-2"/><kerning first="120" second="41" amount="1"/><kerning first="120" second="45" amount="-2"/><kerning first="120" second="46" amount="1"/><kerning first="120" second="44" amount="1"/><kerning first="120" second="124" amount="1"/><kerning first="120" second="34" amount="2"/><kerning first="120" second="39" amount="2"/><kerning first="120" second="64" amount="-3"/><kerning first="120" second="125" amount="1"/><kerning first="120" second="93" amount="2"/><kerning first="121" second="48" amount="-3"/><kerning first="121" second="49" amount="1"/><kerning first="121" second="50" amount="1"/><kerning first="121" second="51" amount="2"/><kerning first="121" second="52" amount="-2"/><kerning first="121" second="53" amount="-1"/><kerning first="121" second="54" amount="-2"/><kerning first="121" second="55" amount="2"/><kerning first="121" second="56" amount="-1"/><kerning first="121" second="57" amount="-1"/><kerning first="121" second="97" amount="-6"/><kerning first="121" second="99" amount="-4"/><kerning first="121" second="101" amount="-3"/><kerning first="121" second="103" amount="-4"/><kerning first="121" second="106" amount="-9"/><kerning first="121" second="109" amount="-1"/><kerning first="121" second="111" amount="-4"/><kerning first="121" second="113" amount="-4"/><kerning first="121" second="115" amount="-2"/><kerning first="121" second="117" amount="-1"/><kerning first="121" second="65" amount="-6"/><kerning first="121" second="67" amount="-4"/><kerning first="121" second="71" amount="-4"/><kerning first="121" second="74" amount="-9"/><kerning first="121" second="79" amount="-5"/><kerning first="121" second="81" amount="-4"/><kerning first="121" second="83" amount="-1"/><kerning first="121" second="33" amount="1"/><kerning first="121" second="59" amount="-2"/><kerning first="121" second="58" amount="-2"/><kerning first="121" second="63" amount="1"/><kerning first="121" second="42" amount="-2"/><kerning first="121" second="41" amount="1"/><kerning first="121" second="45" amount="-3"/><kerning first="121" second="46" amount="-5"/><kerning first="121" second="44" amount="-5"/><kerning first="121" second="47" amount="-7"/><kerning first="121" second="124" amount="1"/><kerning first="121" second="34" amount="2"/><kerning first="121" second="39" amount="2"/><kerning first="121" second="64" amount="-4"/><kerning first="121" second="38" amount="-3"/><kerning first="121" second="125" amount="1"/><kerning first="121" second="93" amount="2"/><kerning first="122" second="48" amount="-1"/><kerning first="122" second="49" amount="1"/><kerning first="122" second="99" amount="-1"/><kerning first="122" second="101" amount="-1"/><kerning first="122" second="103" amount="-1"/><kerning first="122" second="111" amount="-1"/><kerning first="122" second="113" amount="-1"/><kerning first="122" second="67" amount="-1"/><kerning first="122" second="71" amount="-1"/><kerning first="122" second="79" amount="-1"/><kerning first="122" second="81" amount="-1"/><kerning first="122" second="42" amount="-1"/><kerning first="122" second="45" amount="-1"/><kerning first="122" second="47" amount="-1"/><kerning first="122" second="64" amount="-2"/><kerning first="65" second="48" amount="-1"/><kerning first="65" second="49" amount="-3"/><kerning first="65" second="50" amount="2"/><kerning first="65" second="51" amount="2"/><kerning first="65" second="53" amount="2"/><kerning first="65" second="54" amount="-1"/><kerning first="65" second="55" amount="-1"/><kerning first="65" second="99" amount="-1"/><kerning first="65" second="101" amount="-1"/><kerning first="65" second="103" amount="-1"/><kerning first="65" second="111" amount="-2"/><kerning first="65" second="113" amount="-1"/><kerning first="65" second="116" amount="-4"/><kerning first="65" second="117" amount="-1"/><kerning first="65" second="118" amount="-4"/><kerning first="65" second="119" amount="-2"/><kerning first="65" second="121" amount="-4"/><kerning first="65" second="67" amount="-1"/><kerning first="65" second="71" amount="-1"/><kerning first="65" second="79" amount="-1"/><kerning first="65" second="81" amount="-1"/><kerning first="65" second="84" amount="-4"/><kerning first="65" second="85" amount="-1"/><kerning first="65" second="86" amount="-4"/><kerning first="65" second="87" amount="-3"/><kerning first="65" second="89" amount="-4"/><kerning first="65" second="63" amount="-3"/><kerning first="65" second="42" amount="-4"/><kerning first="65" second="41" amount="2"/><kerning first="65" second="45" amount="-1"/><kerning first="65" second="46" amount="1"/><kerning first="65" second="44" amount="1"/><kerning first="65" second="47" amount="1"/><kerning first="65" second="34" amount="-3"/><kerning first="65" second="39" amount="-3"/><kerning first="65" second="64" amount="-2"/><kerning first="65" second="125" amount="2"/><kerning first="65" second="93" amount="2"/><kerning first="66" second="52" amount="1"/><kerning first="66" second="99" amount="-1"/><kerning first="66" second="101" amount="-1"/><kerning first="66" second="103" amount="-1"/><kerning first="66" second="111" amount="-1"/><kerning first="66" second="113" amount="-1"/><kerning first="66" second="118" amount="-1"/><kerning first="66" second="119" amount="-1"/><kerning first="66" second="120" amount="-1"/><kerning first="66" second="121" amount="-1"/><kerning first="66" second="67" amount="-1"/><kerning first="66" second="71" amount="-1"/><kerning first="66" second="79" amount="-1"/><kerning first="66" second="81" amount="-1"/><kerning first="66" second="86" amount="-1"/><kerning first="66" second="87" amount="-1"/><kerning first="66" second="88" amount="-1"/><kerning first="66" second="89" amount="-2"/><kerning first="66" second="63" amount="-1"/><kerning first="66" second="42" amount="-1"/><kerning first="66" second="41" amount="-2"/><kerning first="66" second="44" amount="1"/><kerning first="66" second="47" amount="-1"/><kerning first="66" second="38" amount="1"/><kerning first="67" second="49" amount="1"/><kerning first="67" second="111" amount="-1"/><kerning first="67" second="42" amount="-1"/><kerning first="67" second="41" amount="1"/><kerning first="67" second="47" amount="-2"/><kerning first="67" second="64" amount="-1"/><kerning first="68" second="50" amount="-1"/><kerning first="68" second="97" amount="-2"/><kerning first="68" second="106" amount="-1"/><kerning first="68" second="118" amount="-1"/><kerning first="68" second="119" amount="-1"/><kerning first="68" second="120" amount="-3"/><kerning first="68" second="121" amount="-2"/><kerning first="68" second="122" amount="-1"/><kerning first="68" second="65" amount="-2"/><kerning first="68" second="74" amount="-1"/><kerning first="68" second="86" amount="-1"/><kerning first="68" second="87" amount="-1"/><kerning first="68" second="88" amount="-3"/><kerning first="68" second="89" amount="-2"/><kerning first="68" second="90" amount="-1"/><kerning first="68" second="63" amount="-1"/><kerning first="68" second="41" amount="-3"/><kerning first="68" second="46" amount="-2"/><kerning first="68" second="44" amount="-1"/><kerning first="68" second="47" amount="-4"/><kerning first="68" second="38" amount="-1"/><kerning first="68" second="125" amount="-3"/><kerning first="68" second="93" amount="-3"/><kerning first="69" second="49" amount="3"/><kerning first="69" second="51" amount="1"/><kerning first="69" second="55" amount="1"/><kerning first="69" second="99" amount="-1"/><kerning first="69" second="101" amount="-1"/><kerning first="69" second="103" amount="-1"/><kerning first="69" second="111" amount="-1"/><kerning first="69" second="113" amount="-1"/><kerning first="69" second="67" amount="-1"/><kerning first="69" second="71" amount="-1"/><kerning first="69" second="79" amount="-1"/><kerning first="69" second="81" amount="-1"/><kerning first="69" second="41" amount="2"/><kerning first="69" second="45" amount="-1"/><kerning first="69" second="47" amount="-1"/><kerning first="69" second="34" amount="1"/><kerning first="69" second="39" amount="1"/><kerning first="69" second="64" amount="-1"/><kerning first="69" second="93" amount="1"/><kerning first="70" second="49" amount="2"/><kerning first="70" second="55" amount="1"/><kerning first="70" second="97" amount="-5"/><kerning first="70" second="99" amount="-1"/><kerning first="70" second="101" amount="-1"/><kerning first="70" second="103" amount="-1"/><kerning first="70" second="106" amount="-8"/><kerning first="70" second="109" amount="-1"/><kerning first="70" second="111" amount="-1"/><kerning first="70" second="113" amount="-1"/><kerning first="70" second="65" amount="-5"/><kerning first="70" second="67" amount="-1"/><kerning first="70" second="71" amount="-1"/><kerning first="70" second="74" amount="-8"/><kerning first="70" second="79" amount="-1"/><kerning first="70" second="81" amount="-1"/><kerning first="70" second="59" amount="-1"/><kerning first="70" second="58" amount="-1"/><kerning first="70" second="41" amount="1"/><kerning first="70" second="45" amount="-1"/><kerning first="70" second="46" amount="-5"/><kerning first="70" second="44" amount="-5"/><kerning first="70" second="47" amount="-5"/><kerning first="70" second="34" amount="1"/><kerning first="70" second="39" amount="1"/><kerning first="70" second="64" amount="-2"/><kerning first="70" second="38" amount="-2"/><kerning first="70" second="93" amount="1"/><kerning first="71" second="49" amount="-1"/><kerning first="71" second="55" amount="-2"/><kerning first="71" second="116" amount="-1"/><kerning first="71" second="118" amount="-1"/><kerning first="71" second="119" amount="-1"/><kerning first="71" second="121" amount="-2"/><kerning first="71" second="84" amount="-2"/><kerning first="71" second="86" amount="-1"/><kerning first="71" second="87" amount="-1"/><kerning first="71" second="89" amount="-3"/><kerning first="71" second="63" amount="-2"/><kerning first="71" second="42" amount="-2"/><kerning first="71" second="41" amount="-2"/><kerning first="71" second="47" amount="-1"/><kerning first="71" second="34" amount="-1"/><kerning first="71" second="39" amount="-1"/><kerning first="72" second="89" amount="-1"/><kerning first="72" second="63" amount="-1"/><kerning first="72" second="42" amount="-1"/><kerning first="72" second="41" amount="2"/><kerning first="72" second="47" amount="-1"/><kerning first="72" second="64" amount="-1"/><kerning first="72" second="125" amount="1"/><kerning first="73" second="49" amount="1"/><kerning first="73" second="97" amount="-1"/><kerning first="73" second="106" amount="-1"/><kerning first="73" second="65" amount="-1"/><kerning first="73" second="74" amount="-1"/><kerning first="73" second="79" amount="-1"/><kerning first="73" second="42" amount="-1"/><kerning first="73" second="41" amount="1"/><kerning first="73" second="47" amount="-2"/><kerning first="73" second="64" amount="-1"/><kerning first="73" second="38" amount="-1"/><kerning first="74" second="49" amount="1"/><kerning first="74" second="97" amount="-1"/><kerning first="74" second="106" amount="-1"/><kerning first="74" second="65" amount="-1"/><kerning first="74" second="74" amount="-1"/><kerning first="74" second="89" amount="-1"/><kerning first="74" second="41" amount="-1"/><kerning first="74" second="46" amount="-1"/><kerning first="74" second="44" amount="-1"/><kerning first="74" second="47" amount="-3"/><kerning first="74" second="125" amount="-1"/><kerning first="75" second="48" amount="-3"/><kerning first="75" second="50" amount="1"/><kerning first="75" second="51" amount="1"/><kerning first="75" second="52" amount="-2"/><kerning first="75" second="54" amount="-2"/><kerning first="75" second="55" amount="3"/><kerning first="75" second="56" amount="-1"/><kerning first="75" second="57" amount="-1"/><kerning first="75" second="99" amount="-4"/><kerning first="75" second="101" amount="-3"/><kerning first="75" second="103" amount="-3"/><kerning first="75" second="111" amount="-4"/><kerning first="75" second="113" amount="-4"/><kerning first="75" second="115" amount="-1"/><kerning first="75" second="117" amount="-1"/><kerning first="75" second="67" amount="-3"/><kerning first="75" second="71" amount="-3"/><kerning first="75" second="79" amount="-4"/><kerning first="75" second="81" amount="-4"/><kerning first="75" second="83" amount="-1"/><kerning first="75" second="85" amount="-1"/><kerning first="75" second="33" amount="2"/><kerning first="75" second="42" amount="-3"/><kerning first="75" second="41" amount="3"/><kerning first="75" second="45" amount="-3"/><kerning first="75" second="124" amount="1"/><kerning first="75" second="34" amount="3"/><kerning first="75" second="39" amount="3"/><kerning first="75" second="64" amount="-4"/><kerning first="75" second="38" amount="-1"/><kerning first="75" second="125" amount="1"/><kerning first="75" second="93" amount="3"/><kerning first="76" second="49" amount="-3"/><kerning first="76" second="52" amount="1"/><kerning first="76" second="55" amount="-2"/><kerning first="76" second="57" amount="-1"/><kerning first="76" second="116" amount="-6"/><kerning first="76" second="118" amount="-4"/><kerning first="76" second="119" amount="-2"/><kerning first="76" second="121" amount="-6"/><kerning first="76" second="84" amount="-5"/><kerning first="76" second="86" amount="-4"/><kerning first="76" second="87" amount="-2"/><kerning first="76" second="89" amount="-6"/><kerning first="76" second="63" amount="-4"/><kerning first="76" second="42" amount="-3"/><kerning first="76" second="41" amount="-1"/><kerning first="76" second="34" amount="-4"/><kerning first="76" second="39" amount="-4"/><kerning first="77" second="49" amount="1"/><kerning first="77" second="97" amount="-1"/><kerning first="77" second="106" amount="-1"/><kerning first="77" second="65" amount="-1"/><kerning first="77" second="74" amount="-1"/><kerning first="77" second="42" amount="-1"/><kerning first="77" second="47" amount="-2"/><kerning first="77" second="64" amount="-1"/><kerning first="78" second="49" amount="1"/><kerning first="78" second="97" amount="-1"/><kerning first="78" second="65" amount="-1"/><kerning first="78" second="42" amount="-1"/><kerning first="78" second="47" amount="-2"/><kerning first="78" second="64" amount="-1"/><kerning first="79" second="49" amount="-1"/><kerning first="79" second="50" amount="-1"/><kerning first="79" second="55" amount="-1"/><kerning first="79" second="97" amount="-2"/><kerning first="79" second="106" amount="-1"/><kerning first="79" second="109" amount="-1"/><kerning first="79" second="118" amount="-2"/><kerning first="79" second="119" amount="-1"/><kerning first="79" second="120" amount="-2"/><kerning first="79" second="121" amount="-3"/><kerning first="79" second="122" amount="-1"/><kerning first="79" second="65" amount="-2"/><kerning first="79" second="74" amount="-1"/><kerning first="79" second="86" amount="-2"/><kerning first="79" second="87" amount="-1"/><kerning first="79" second="88" amount="-2"/><kerning first="79" second="89" amount="-4"/><kerning first="79" second="90" amount="-1"/><kerning first="79" second="63" amount="-2"/><kerning first="79" second="42" amount="-1"/><kerning first="79" second="41" amount="-4"/><kerning first="79" second="46" amount="-1"/><kerning first="79" second="44" amount="-1"/><kerning first="79" second="47" amount="-3"/><kerning first="79" second="34" amount="-1"/><kerning first="79" second="39" amount="-1"/><kerning first="79" second="125" amount="-3"/><kerning first="79" second="93" amount="-3"/><kerning first="80" second="50" amount="-1"/><kerning first="80" second="55" amount="1"/><kerning first="80" second="97" amount="-4"/><kerning first="80" second="106" amount="-7"/><kerning first="80" second="109" amount="-1"/><kerning first="80" second="120" amount="-2"/><kerning first="80" second="65" amount="-4"/><kerning first="80" second="74" amount="-7"/><kerning first="80" second="88" amount="-2"/><kerning first="80" second="89" amount="-1"/><kerning first="80" second="41" amount="-3"/><kerning first="80" second="46" amount="-8"/><kerning first="80" second="44" amount="-7"/><kerning first="80" second="47" amount="-5"/><kerning first="80" second="38" amount="-2"/><kerning first="80" second="125" amount="-2"/><kerning first="80" second="93" amount="-2"/><kerning first="81" second="49" amount="-1"/><kerning first="81" second="50" amount="-1"/><kerning first="81" second="97" amount="-1"/><kerning first="81" second="106" amount="-1"/><kerning first="81" second="118" amount="-1"/><kerning first="81" second="119" amount="-1"/><kerning first="81" second="120" amount="-2"/><kerning first="81" second="121" amount="-2"/><kerning first="81" second="122" amount="-1"/><kerning first="81" second="65" amount="-1"/><kerning first="81" second="74" amount="-1"/><kerning first="81" second="86" amount="-2"/><kerning first="81" second="87" amount="-1"/><kerning first="81" second="88" amount="-2"/><kerning first="81" second="89" amount="-3"/><kerning first="81" second="90" amount="-1"/><kerning first="81" second="63" amount="-2"/><kerning first="81" second="42" amount="-1"/><kerning first="81" second="41" amount="-1"/><kerning first="81" second="46" amount="-1"/><kerning first="81" second="44" amount="-1"/><kerning first="81" second="47" amount="-3"/><kerning first="81" second="34" amount="-1"/><kerning first="81" second="39" amount="-1"/><kerning first="81" second="38" amount="-1"/><kerning first="81" second="125" amount="-1"/><kerning first="81" second="93" amount="-2"/><kerning first="82" second="120" amount="-1"/><kerning first="82" second="121" amount="-1"/><kerning first="82" second="86" amount="-1"/><kerning first="82" second="88" amount="-1"/><kerning first="82" second="89" amount="-2"/><kerning first="82" second="47" amount="-1"/><kerning first="82" second="64" amount="-1"/><kerning first="82" second="38" amount="-1"/><kerning first="83" second="52" amount="1"/><kerning first="83" second="57" amount="-1"/><kerning first="83" second="97" amount="-1"/><kerning first="83" second="116" amount="-1"/><kerning first="83" second="118" amount="-1"/><kerning first="83" second="119" amount="-1"/><kerning first="83" second="120" amount="-1"/><kerning first="83" second="121" amount="-1"/><kerning first="83" second="65" amount="-1"/><kerning first="83" second="84" amount="-1"/><kerning first="83" second="86" amount="-1"/><kerning first="83" second="87" amount="-1"/><kerning first="83" second="88" amount="-1"/><kerning first="83" second="89" amount="-2"/><kerning first="83" second="63" amount="-2"/><kerning first="83" second="42" amount="-2"/><kerning first="83" second="41" amount="-2"/><kerning first="83" second="47" amount="-2"/><kerning first="83" second="125" amount="-2"/><kerning first="83" second="93" amount="-1"/><kerning first="84" second="49" amount="2"/><kerning first="84" second="55" amount="1"/><kerning first="84" second="97" amount="-5"/><kerning first="84" second="99" amount="-1"/><kerning first="84" second="101" amount="-1"/><kerning first="84" second="103" amount="-1"/><kerning first="84" second="106" amount="-7"/><kerning first="84" second="109" amount="-1"/><kerning first="84" second="111" amount="-1"/><kerning first="84" second="113" amount="-1"/><kerning first="84" second="116" amount="1"/><kerning first="84" second="65" amount="-5"/><kerning first="84" second="67" amount="-1"/><kerning first="84" second="71" amount="-1"/><kerning first="84" second="74" amount="-7"/><kerning first="84" second="79" amount="-1"/><kerning first="84" second="81" amount="-1"/><kerning first="84" second="84" amount="1"/><kerning first="84" second="41" amount="1"/><kerning first="84" second="45" amount="-4"/><kerning first="84" second="46" amount="-4"/><kerning first="84" second="44" amount="-4"/><kerning first="84" second="47" amount="-6"/><kerning first="84" second="64" amount="-2"/><kerning first="84" second="38" amount="-2"/><kerning first="85" second="49" amount="1"/><kerning first="85" second="97" amount="-2"/><kerning first="85" second="106" amount="-3"/><kerning first="85" second="109" amount="-1"/><kerning first="85" second="65" amount="-2"/><kerning first="85" second="74" amount="-3"/><kerning first="85" second="46" amount="-2"/><kerning first="85" second="44" amount="-2"/><kerning first="85" second="47" amount="-4"/><kerning first="85" second="64" amount="-1"/><kerning first="85" second="38" amount="-2"/><kerning first="85" second="125" amount="-1"/><kerning first="86" second="48" amount="-2"/><kerning first="86" second="49" amount="2"/><kerning first="86" second="51" amount="1"/><kerning first="86" second="52" amount="-1"/><kerning first="86" second="53" amount="-1"/><kerning first="86" second="54" amount="-2"/><kerning first="86" second="55" amount="2"/><kerning first="86" second="56" amount="-1"/><kerning first="86" second="97" amount="-4"/><kerning first="86" second="99" amount="-2"/><kerning first="86" second="101" amount="-2"/><kerning first="86" second="103" amount="-2"/><kerning first="86" second="106" amount="-5"/><kerning first="86" second="109" amount="-1"/><kerning first="86" second="110" amount="-1"/><kerning first="86" second="111" amount="-2"/><kerning first="86" second="113" amount="-2"/><kerning first="86" second="115" amount="-1"/><kerning first="86" second="117" amount="-1"/><kerning first="86" second="65" amount="-4"/><kerning first="86" second="67" amount="-2"/><kerning first="86" second="71" amount="-2"/><kerning first="86" second="74" amount="-5"/><kerning first="86" second="79" amount="-2"/><kerning first="86" second="81" amount="-2"/><kerning first="86" second="83" amount="-1"/><kerning first="86" second="59" amount="-1"/><kerning first="86" second="58" amount="-1"/><kerning first="86" second="42" amount="-2"/><kerning first="86" second="41" amount="2"/><kerning first="86" second="45" amount="-1"/><kerning first="86" second="46" amount="-3"/><kerning first="86" second="44" amount="-3"/><kerning first="86" second="47" amount="-5"/><kerning first="86" second="34" amount="1"/><kerning first="86" second="39" amount="1"/><kerning first="86" second="64" amount="-3"/><kerning first="86" second="38" amount="-3"/><kerning first="86" second="93" amount="1"/><kerning first="87" second="48" amount="-1"/><kerning first="87" second="49" amount="1"/><kerning first="87" second="52" amount="-1"/><kerning first="87" second="53" amount="-1"/><kerning first="87" second="54" amount="-1"/><kerning first="87" second="55" amount="1"/><kerning first="87" second="97" amount="-3"/><kerning first="87" second="99" amount="-1"/><kerning first="87" second="101" amount="-1"/><kerning first="87" second="103" amount="-1"/><kerning first="87" second="106" amount="-3"/><kerning first="87" second="109" amount="-1"/><kerning first="87" second="110" amount="-1"/><kerning first="87" second="111" amount="-1"/><kerning first="87" second="113" amount="-1"/><kerning first="87" second="115" amount="-1"/><kerning first="87" second="117" amount="-1"/><kerning first="87" second="65" amount="-3"/><kerning first="87" second="67" amount="-1"/><kerning first="87" second="71" amount="-1"/><kerning first="87" second="74" amount="-3"/><kerning first="87" second="79" amount="-1"/><kerning first="87" second="81" amount="-1"/><kerning first="87" second="83" amount="-1"/><kerning first="87" second="59" amount="-1"/><kerning first="87" second="58" amount="-1"/><kerning first="87" second="42" amount="-1"/><kerning first="87" second="45" amount="-1"/><kerning first="87" second="46" amount="-2"/><kerning first="87" second="44" amount="-2"/><kerning first="87" second="47" amount="-4"/><kerning first="87" second="64" amount="-2"/><kerning first="87" second="38" amount="-2"/><kerning first="88" second="48" amount="-2"/><kerning first="88" second="49" amount="1"/><kerning first="88" second="50" amount="1"/><kerning first="88" second="51" amount="2"/><kerning first="88" second="52" amount="-1"/><kerning first="88" second="54" amount="-1"/><kerning first="88" second="55" amount="3"/><kerning first="88" second="99" amount="-3"/><kerning first="88" second="101" amount="-2"/><kerning first="88" second="103" amount="-3"/><kerning first="88" second="111" amount="-3"/><kerning first="88" second="113" amount="-3"/><kerning first="88" second="115" amount="-1"/><kerning first="88" second="117" amount="-1"/><kerning first="88" second="67" amount="-3"/><kerning first="88" second="71" amount="-3"/><kerning first="88" second="79" amount="-3"/><kerning first="88" second="81" amount="-3"/><kerning first="88" second="83" amount="-1"/><kerning first="88" second="33" amount="1"/><kerning first="88" second="63" amount="1"/><kerning first="88" second="42" amount="-2"/><kerning first="88" second="41" amount="3"/><kerning first="88" second="45" amount="-2"/><kerning first="88" second="46" amount="1"/><kerning first="88" second="124" amount="1"/><kerning first="88" second="34" amount="2"/><kerning first="88" second="39" amount="2"/><kerning first="88" second="64" amount="-3"/><kerning first="88" second="125" amount="1"/><kerning first="88" second="93" amount="2"/><kerning first="89" second="48" amount="-2"/><kerning first="89" second="49" amount="3"/><kerning first="89" second="50" amount="3"/><kerning first="89" second="51" amount="3"/><kerning first="89" second="54" amount="-2"/><kerning first="89" second="55" amount="4"/><kerning first="89" second="97" amount="-5"/><kerning first="89" second="99" amount="-4"/><kerning first="89" second="101" amount="-2"/><kerning first="89" second="103" amount="-4"/><kerning first="89" second="106" amount="-10"/><kerning first="89" second="111" amount="-3"/><kerning first="89" second="113" amount="-3"/><kerning first="89" second="115" amount="-1"/><kerning first="89" second="116" amount="1"/><kerning first="89" second="122" amount="2"/><kerning first="89" second="65" amount="-5"/><kerning first="89" second="67" amount="-3"/><kerning first="89" second="71" amount="-3"/><kerning first="89" second="74" amount="-10"/><kerning first="89" second="79" amount="-5"/><kerning first="89" second="81" amount="-3"/><kerning first="89" second="83" amount="-1"/><kerning first="89" second="84" amount="1"/><kerning first="89" second="88" amount="1"/><kerning first="89" second="33" amount="3"/><kerning first="89" second="59" amount="-2"/><kerning first="89" second="58" amount="-2"/><kerning first="89" second="63" amount="3"/><kerning first="89" second="42" amount="-1"/><kerning first="89" second="41" amount="3"/><kerning first="89" second="45" amount="-3"/><kerning first="89" second="46" amount="-5"/><kerning first="89" second="44" amount="-5"/><kerning first="89" second="47" amount="-7"/><kerning first="89" second="124" amount="2"/><kerning first="89" second="34" amount="3"/><kerning first="89" second="39" amount="3"/><kerning first="89" second="64" amount="-4"/><kerning first="89" second="38" amount="-3"/><kerning first="89" second="125" amount="2"/><kerning first="89" second="93" amount="4"/><kerning first="90" second="48" amount="-1"/><kerning first="90" second="49" amount="1"/><kerning first="90" second="99" amount="-1"/><kerning first="90" second="101" amount="-1"/><kerning first="90" second="103" amount="-1"/><kerning first="90" second="111" amount="-1"/><kerning first="90" second="113" amount="-1"/><kerning first="90" second="67" amount="-1"/><kerning first="90" second="71" amount="-1"/><kerning first="90" second="79" amount="-1"/><kerning first="90" second="81" amount="-1"/><kerning first="90" second="42" amount="-1"/><kerning first="90" second="45" amount="-1"/><kerning first="90" second="47" amount="-1"/><kerning first="90" second="64" amount="-2"/><kerning first="42" second="97" amount="-4"/><kerning first="42" second="98" amount="-1"/><kerning first="42" second="99" amount="-2"/><kerning first="42" second="100" amount="-2"/><kerning first="42" second="101" amount="-2"/><kerning first="42" second="102" amount="-2"/><kerning first="42" second="103" amount="-2"/><kerning first="42" second="104" amount="-2"/><kerning first="42" second="105" amount="-1"/><kerning first="42" second="106" amount="-5"/><kerning first="42" second="107" amount="-2"/><kerning first="42" second="108" amount="-2"/><kerning first="42" second="109" amount="-2"/><kerning first="42" second="110" amount="-2"/><kerning first="42" second="111" amount="-1"/><kerning first="42" second="112" amount="-2"/><kerning first="42" second="113" amount="-1"/><kerning first="42" second="114" amount="-2"/><kerning first="42" second="115" amount="-1"/><kerning first="42" second="117" amount="-1"/><kerning first="42" second="118" amount="-2"/><kerning first="42" second="119" amount="-2"/><kerning first="42" second="120" amount="-2"/><kerning first="42" second="121" amount="-2"/><kerning first="42" second="122" amount="-1"/><kerning first="42" second="65" amount="-4"/><kerning first="42" second="66" amount="-1"/><kerning first="42" second="67" amount="-2"/><kerning first="42" second="68" amount="-2"/><kerning first="42" second="69" amount="-2"/><kerning first="42" second="70" amount="-2"/><kerning first="42" second="71" amount="-2"/><kerning first="42" second="72" amount="-2"/><kerning first="42" second="73" amount="-1"/><kerning first="42" second="74" amount="-5"/><kerning first="42" second="75" amount="-2"/><kerning first="42" second="76" amount="-2"/><kerning first="42" second="77" amount="-2"/><kerning first="42" second="78" amount="-2"/><kerning first="42" second="79" amount="-2"/><kerning first="42" second="80" amount="-2"/><kerning first="42" second="81" amount="-1"/><kerning first="42" second="82" amount="-2"/><kerning first="42" second="83" amount="-1"/><kerning first="42" second="85" amount="-1"/><kerning first="42" second="86" amount="-2"/><kerning first="42" second="87" amount="-2"/><kerning first="42" second="88" amount="-2"/><kerning first="42" second="89" amount="-2"/><kerning first="42" second="90" amount="-2"/><kerning first="40" second="48" amount="-4"/><kerning first="40" second="50" amount="1"/><kerning first="40" second="51" amount="1"/><kerning first="40" second="52" amount="-2"/><kerning first="40" second="54" amount="-3"/><kerning first="40" second="55" amount="2"/><kerning first="40" second="56" amount="-2"/><kerning first="40" second="57" amount="-2"/><kerning first="40" second="97" amount="-1"/><kerning first="40" second="99" amount="-4"/><kerning first="40" second="101" amount="-3"/><kerning first="40" second="103" amount="-4"/><kerning first="40" second="105" amount="1"/><kerning first="40" second="106" amount="-1"/><kerning first="40" second="111" amount="-4"/><kerning first="40" second="113" amount="-4"/><kerning first="40" second="115" amount="-2"/><kerning first="40" second="116" amount="2"/><kerning first="40" second="117" amount="-1"/><kerning first="40" second="118" amount="2"/><kerning first="40" second="119" amount="1"/><kerning first="40" second="121" amount="2"/><kerning first="40" second="122" amount="2"/><kerning first="40" second="65" amount="-1"/><kerning first="40" second="67" amount="-4"/><kerning first="40" second="71" amount="-4"/><kerning first="40" second="73" amount="1"/><kerning first="40" second="74" amount="-1"/><kerning first="40" second="77" amount="1"/><kerning first="40" second="79" amount="-4"/><kerning first="40" second="80" amount="1"/><kerning first="40" second="81" amount="-4"/><kerning first="40" second="83" amount="-2"/><kerning first="40" second="84" amount="2"/><kerning first="40" second="85" amount="-1"/><kerning first="40" second="86" amount="4"/><kerning first="40" second="87" amount="3"/><kerning first="40" second="88" amount="2"/><kerning first="40" second="90" amount="1"/><kerning first="43" second="49" amount="-2"/><kerning first="43" second="50" amount="-1"/><kerning first="43" second="55" amount="-2"/><kerning first="45" second="49" amount="-1"/><kerning first="45" second="55" amount="-3"/><kerning first="45" second="97" amount="-1"/><kerning first="45" second="118" amount="-1"/><kerning first="45" second="119" amount="-1"/><kerning first="45" second="120" amount="-2"/><kerning first="45" second="121" amount="-2"/><kerning first="45" second="122" amount="-2"/><kerning first="45" second="65" amount="-1"/><kerning first="45" second="84" amount="-3"/><kerning first="45" second="86" amount="-2"/><kerning first="45" second="87" amount="-1"/><kerning first="45" second="88" amount="-2"/><kerning first="45" second="89" amount="-2"/><kerning first="45" second="90" amount="-1"/><kerning first="45" second="34" amount="-2"/><kerning first="45" second="39" amount="-2"/><kerning first="46" second="48" amount="-1"/><kerning first="46" second="49" amount="-2"/><kerning first="46" second="55" amount="-1"/><kerning first="46" second="97" amount="1"/><kerning first="46" second="101" amount="-1"/><kerning first="46" second="106" amount="1"/><kerning first="46" second="111" amount="-1"/><kerning first="46" second="113" amount="-1"/><kerning first="46" second="116" amount="-4"/><kerning first="46" second="117" amount="-1"/><kerning first="46" second="118" amount="-3"/><kerning first="46" second="119" amount="-2"/><kerning first="46" second="120" amount="2"/><kerning first="46" second="121" amount="-3"/><kerning first="46" second="65" amount="1"/><kerning first="46" second="74" amount="1"/><kerning first="46" second="79" amount="-1"/><kerning first="46" second="81" amount="-1"/><kerning first="46" second="84" amount="-3"/><kerning first="46" second="85" amount="-1"/><kerning first="46" second="86" amount="-3"/><kerning first="46" second="87" amount="-2"/><kerning first="46" second="88" amount="2"/><kerning first="46" second="89" amount="-3"/><kerning first="46" second="34" amount="-10"/><kerning first="46" second="39" amount="-10"/><kerning first="44" second="48" amount="-1"/><kerning first="44" second="49" amount="-2"/><kerning first="44" second="55" amount="-1"/><kerning first="44" second="34" amount="-10"/><kerning first="44" second="39" amount="-10"/><kerning first="47" second="48" amount="-3"/><kerning first="47" second="50" amount="-1"/><kerning first="47" second="51" amount="-1"/><kerning first="47" second="52" amount="-3"/><kerning first="47" second="53" amount="-2"/><kerning first="47" second="54" amount="-3"/><kerning first="47" second="56" amount="-2"/><kerning first="47" second="57" amount="-2"/><kerning first="47" second="97" amount="-6"/><kerning first="47" second="98" amount="-1"/><kerning first="47" second="99" amount="-4"/><kerning first="47" second="100" amount="-2"/><kerning first="47" second="101" amount="-3"/><kerning first="47" second="102" amount="-2"/><kerning first="47" second="103" amount="-4"/><kerning first="47" second="104" amount="-2"/><kerning first="47" second="105" amount="-1"/><kerning first="47" second="106" amount="-7"/><kerning first="47" second="107" amount="-2"/><kerning first="47" second="108" amount="-2"/><kerning first="47" second="109" amount="-2"/><kerning first="47" second="110" amount="-2"/><kerning first="47" second="111" amount="-3"/><kerning first="47" second="112" amount="-2"/><kerning first="47" second="113" amount="-3"/><kerning first="47" second="114" amount="-2"/><kerning first="47" second="115" amount="-3"/><kerning first="47" second="117" amount="-2"/><kerning first="47" second="118" amount="1"/><kerning first="47" second="121" amount="1"/><kerning first="47" second="122" amount="-1"/><kerning first="47" second="65" amount="-6"/><kerning first="47" second="66" amount="-1"/><kerning first="47" second="67" amount="-4"/><kerning first="47" second="68" amount="-2"/><kerning first="47" second="69" amount="-2"/><kerning first="47" second="70" amount="-2"/><kerning first="47" second="71" amount="-4"/><kerning first="47" second="72" amount="-2"/><kerning first="47" second="73" amount="-1"/><kerning first="47" second="74" amount="-7"/><kerning first="47" second="75" amount="-2"/><kerning first="47" second="76" amount="-2"/><kerning first="47" second="77" amount="-2"/><kerning first="47" second="78" amount="-2"/><kerning first="47" second="79" amount="-4"/><kerning first="47" second="80" amount="-1"/><kerning first="47" second="81" amount="-3"/><kerning first="47" second="82" amount="-2"/><kerning first="47" second="83" amount="-2"/><kerning first="47" second="85" amount="-2"/><kerning first="47" second="86" amount="1"/><kerning first="47" second="89" amount="-1"/><kerning first="47" second="90" amount="-1"/><kerning first="47" second="47" amount="-8"/><kerning first="124" second="88" amount="1"/><kerning first="34" second="48" amount="-1"/><kerning first="34" second="49" amount="1"/><kerning first="34" second="54" amount="-1"/><kerning first="34" second="55" amount="1"/><kerning first="34" second="97" amount="-3"/><kerning first="34" second="99" amount="-1"/><kerning first="34" second="101" amount="-1"/><kerning first="34" second="103" amount="-1"/><kerning first="34" second="106" amount="-6"/><kerning first="34" second="111" amount="-1"/><kerning first="34" second="113" amount="-1"/><kerning first="34" second="118" amount="1"/><kerning first="34" second="121" amount="2"/><kerning first="34" second="65" amount="-3"/><kerning first="34" second="67" amount="-1"/><kerning first="34" second="71" amount="-1"/><kerning first="34" second="74" amount="-6"/><kerning first="34" second="79" amount="-2"/><kerning first="34" second="81" amount="-1"/><kerning first="34" second="86" amount="2"/><kerning first="34" second="87" amount="1"/><kerning first="34" second="88" amount="1"/><kerning first="34" second="45" amount="-1"/><kerning first="34" second="46" amount="-11"/><kerning first="34" second="44" amount="-11"/><kerning first="34" second="47" amount="-5"/><kerning first="34" second="64" amount="-2"/><kerning first="34" second="38" amount="-2"/><kerning first="39" second="48" amount="-1"/><kerning first="39" second="49" amount="1"/><kerning first="39" second="54" amount="-1"/><kerning first="39" second="55" amount="1"/><kerning first="39" second="97" amount="-3"/><kerning first="39" second="99" amount="-1"/><kerning first="39" second="101" amount="-1"/><kerning first="39" second="103" amount="-1"/><kerning first="39" second="106" amount="-6"/><kerning first="39" second="111" amount="-1"/><kerning first="39" second="113" amount="-1"/><kerning first="39" second="118" amount="1"/><kerning first="39" second="121" amount="2"/><kerning first="39" second="65" amount="-3"/><kerning first="39" second="67" amount="-1"/><kerning first="39" second="71" amount="-1"/><kerning first="39" second="74" amount="-6"/><kerning first="39" second="79" amount="-2"/><kerning first="39" second="81" amount="-1"/><kerning first="39" second="86" amount="2"/><kerning first="39" second="87" amount="1"/><kerning first="39" second="88" amount="1"/><kerning first="39" second="45" amount="-1"/><kerning first="39" second="46" amount="-11"/><kerning first="39" second="44" amount="-11"/><kerning first="39" second="47" amount="-5"/><kerning first="39" second="64" amount="-2"/><kerning first="39" second="38" amount="-2"/><kerning first="64" second="97" amount="-2"/><kerning first="64" second="106" amount="-2"/><kerning first="64" second="109" amount="-1"/><kerning first="64" second="118" amount="-2"/><kerning first="64" second="119" amount="-2"/><kerning first="64" second="120" amount="-3"/><kerning first="64" second="121" amount="-3"/><kerning first="64" second="122" amount="-2"/><kerning first="64" second="65" amount="-2"/><kerning first="64" second="74" amount="-2"/><kerning first="64" second="86" amount="-2"/><kerning first="64" second="87" amount="-2"/><kerning first="64" second="88" amount="-3"/><kerning first="64" second="89" amount="-3"/><kerning first="64" second="90" amount="-2"/><kerning first="35" second="49" amount="-1"/><kerning first="35" second="50" amount="-2"/><kerning first="35" second="51" amount="-2"/><kerning first="35" second="53" amount="-2"/><kerning first="35" second="56" amount="-1"/><kerning first="36" second="49" amount="-1"/><kerning first="36" second="55" amount="-1"/><kerning first="36" second="57" amount="-1"/><kerning first="38" second="97" amount="1"/><kerning first="38" second="100" amount="1"/><kerning first="38" second="106" amount="2"/><kerning first="38" second="109" amount="1"/><kerning first="38" second="110" amount="1"/><kerning first="38" second="114" amount="1"/><kerning first="38" second="115" amount="1"/><kerning first="38" second="116" amount="-4"/><kerning first="38" second="118" amount="-3"/><kerning first="38" second="119" amount="-2"/><kerning first="38" second="120" amount="1"/><kerning first="38" second="121" amount="-4"/><kerning first="38" second="122" amount="1"/><kerning first="38" second="65" amount="1"/><kerning first="38" second="74" amount="2"/><kerning first="38" second="82" amount="1"/><kerning first="38" second="83" amount="1"/><kerning first="38" second="84" amount="-4"/><kerning first="38" second="86" amount="-3"/><kerning first="38" second="87" amount="-2"/><kerning first="38" second="88" amount="1"/><kerning first="38" second="89" amount="-4"/><kerning first="38" second="90" amount="1"/><kerning first="38" second="34" amount="-3"/><kerning first="38" second="39" amount="-3"/><kerning first="123" second="48" amount="-3"/><kerning first="123" second="52" amount="-2"/><kerning first="123" second="54" amount="-2"/><kerning first="123" second="55" amount="2"/><kerning first="123" second="56" amount="-2"/><kerning first="123" second="57" amount="-1"/><kerning first="123" second="99" amount="-3"/><kerning first="123" second="101" amount="-3"/><kerning first="123" second="103" amount="-3"/><kerning first="123" second="111" amount="-3"/><kerning first="123" second="113" amount="-3"/><kerning first="123" second="115" amount="-1"/><kerning first="123" second="116" amount="1"/><kerning first="123" second="117" amount="-1"/><kerning first="123" second="118" amount="2"/><kerning first="123" second="119" amount="1"/><kerning first="123" second="120" amount="1"/><kerning first="123" second="121" amount="2"/><kerning first="123" second="122" amount="1"/><kerning first="123" second="67" amount="-3"/><kerning first="123" second="71" amount="-3"/><kerning first="123" second="79" amount="-3"/><kerning first="123" second="81" amount="-3"/><kerning first="123" second="83" amount="-1"/><kerning first="123" second="84" amount="2"/><kerning first="123" second="86" amount="3"/><kerning first="123" second="87" amount="2"/><kerning first="123" second="88" amount="2"/><kerning first="123" second="90" amount="1"/><kerning first="91" second="48" amount="-3"/><kerning first="91" second="52" amount="-2"/><kerning first="91" second="54" amount="-2"/><kerning first="91" second="55" amount="1"/><kerning first="91" second="56" amount="-1"/><kerning first="91" second="97" amount="2"/><kerning first="91" second="99" amount="-3"/><kerning first="91" second="101" amount="-3"/><kerning first="91" second="103" amount="-3"/><kerning first="91" second="106" amount="1"/><kerning first="91" second="111" amount="-3"/><kerning first="91" second="113" amount="-3"/><kerning first="91" second="116" amount="1"/><kerning first="91" second="117" amount="-1"/><kerning first="91" second="118" amount="2"/><kerning first="91" second="119" amount="1"/><kerning first="91" second="120" amount="2"/><kerning first="91" second="121" amount="2"/><kerning first="91" second="65" amount="2"/><kerning first="91" second="67" amount="-3"/><kerning first="91" second="71" amount="-3"/><kerning first="91" second="74" amount="1"/><kerning first="91" second="79" amount="-4"/><kerning first="91" second="81" amount="-3"/><kerning first="91" second="84" amount="1"/><kerning first="91" second="86" amount="3"/><kerning first="91" second="87" amount="1"/><kerning first="91" second="88" amount="2"/><kerning first="91" second="89" amount="1"/></kernings></font>